iter	Logloss	CrossEntropy
0	0.5276542208	0.5276542208
1	0.4500476162	0.4500476162
2	0.4169532515	0.4169532515
3	0.3984558736	0.3984558736
4	0.3857348082	0.3857348082
5	0.3693783037	0.3693783037
6	0.3575576111	0.3575576111
7	0.3505637078	0.3505637078
8	0.346060047	0.346060047
9	0.3430554145	0.3430554145
10	0.3390477691	0.3390477691
11	0.3297597234	0.3297597234
12	0.3250154059	0.3250154059
13	0.3228199159	0.3228199159
14	0.3167361551	0.3167361551
15	0.3154185353	0.3154185353
16	0.3117069572	0.3117069572
17	0.3102486569	0.3102486569
18	0.3054045522	0.3054045522
19	0.3037930793	0.3037930793
20	0.301001746	0.301001746
21	0.2993683731	0.2993683731
22	0.2978956207	0.2978956207
23	0.2943021326	0.2943021326
24	0.2933894112	0.2933894112
25	0.2919593285	0.2919593285
26	0.2906146145	0.2906146145
27	0.2898529773	0.2898529773
28	0.2888228609	0.2888228609
29	0.2879399753	0.2879399753
30	0.2872167484	0.2872167484
31	0.2863271384	0.2863271384
32	0.2850930374	0.2850930374
33	0.2843837284	0.2843837284
34	0.2836352957	0.2836352957
35	0.2827786422	0.2827786422
36	0.2813819936	0.2813819936
37	0.2808510225	0.2808510225
38	0.279803653	0.279803653
39	0.2783675804	0.2783675804
40	0.275498541	0.275498541
41	0.2748590284	0.2748590284
42	0.2737945196	0.2737945196
43	0.2730770736	0.2730770736
44	0.2724297405	0.2724297405
45	0.271296777	0.271296777
46	0.2705357177	0.2705357177
47	0.2703094587	0.2703094587
48	0.2695030445	0.2695030445
49	0.2689896241	0.2689896241
50	0.2685195269	0.2685195269
51	0.2673568516	0.2673568516
52	0.2658398934	0.2658398934
53	0.2647601355	0.2647601355
54	0.2638491683	0.2638491683
55	0.2627915497	0.2627915497
56	0.2620241153	0.2620241153
57	0.2611914073	0.2611914073
58	0.2607830568	0.2607830568
59	0.2599970789	0.2599970789
60	0.2595200128	0.2595200128
61	0.2588301729	0.2588301729
62	0.2586187093	0.2586187093
63	0.258008221	0.258008221
64	0.2577589544	0.2577589544
65	0.2569597186	0.2569597186
66	0.2561948263	0.2561948263
67	0.2556898462	0.2556898462
68	0.2554745112	0.2554745112
69	0.2545516012	0.2545516012
70	0.2541501127	0.2541501127
71	0.2539987885	0.2539987885
72	0.2538401063	0.2538401063
73	0.2534528558	0.2534528558
74	0.2519241208	0.2519241208
75	0.2516702515	0.2516702515
76	0.2510853605	0.2510853605
77	0.2504670032	0.2504670032
78	0.2500020942	0.2500020942
79	0.2494022358	0.2494022358
80	0.2488884292	0.2488884292
81	0.2485687928	0.2485687928
82	0.2482332025	0.2482332025
83	0.2480765717	0.2480765717
84	0.2474877771	0.2474877771
85	0.2470979248	0.2470979248
86	0.2465568059	0.2465568059
87	0.2462528671	0.2462528671
88	0.2458802426	0.2458802426
89	0.2453349051	0.2453349051
90	0.2449882294	0.2449882294
91	0.2446601381	0.2446601381
92	0.2446105374	0.2446105374
93	0.2445164898	0.2445164898
94	0.2442775535	0.2442775535
95	0.2438143588	0.2438143588
96	0.2434524745	0.2434524745
97	0.2433189839	0.2433189839
98	0.2427525652	0.2427525652
99	0.2426378959	0.2426378959
100	0.2422867109	0.2422867109
101	0.2420928337	0.2420928337
102	0.2419715233	0.2419715233
103	0.2415477647	0.2415477647
104	0.2412576734	0.2412576734
105	0.2406396481	0.2406396481
106	0.2401013541	0.2401013541
107	0.2391953553	0.2391953553
108	0.2390939108	0.2390939108
109	0.238668858	0.238668858
110	0.2385041022	0.2385041022
111	0.2384351031	0.2384351031
112	0.2381852512	0.2381852512
113	0.237946959	0.237946959
114	0.2373500592	0.2373500592
115	0.23689207	0.23689207
116	0.2367243028	0.2367243028
117	0.2361234985	0.2361234985
118	0.2352460168	0.2352460168
119	0.2351325642	0.2351325642
120	0.2350242245	0.2350242245
121	0.234620285	0.234620285
122	0.2345404786	0.2345404786
123	0.2341658802	0.2341658802
124	0.2338216652	0.2338216652
125	0.2333277204	0.2333277204
126	0.2332372206	0.2332372206
127	0.2329055582	0.2329055582
128	0.2328051389	0.2328051389
129	0.2313826166	0.2313826166
130	0.2312757366	0.2312757366
131	0.2304639273	0.2304639273
132	0.2296434359	0.2296434359
133	0.2291739997	0.2291739997
134	0.2287887533	0.2287887533
135	0.2286761052	0.2286761052
136	0.2285957747	0.2285957747
137	0.2285022273	0.2285022273
138	0.2283880134	0.2283880134
139	0.2280701881	0.2280701881
140	0.2279733698	0.2279733698
141	0.2279131279	0.2279131279
142	0.2270995816	0.2270995816
143	0.2262662303	0.2262662303
144	0.2258601286	0.2258601286
145	0.2258084691	0.2258084691
146	0.2251838911	0.2251838911
147	0.2249777709	0.2249777709
148	0.2248825538	0.2248825538
149	0.2246878067	0.2246878067
150	0.2246349737	0.2246349737
151	0.224581718	0.224581718
152	0.2243584661	0.2243584661
153	0.2243092937	0.2243092937
154	0.2241785	0.2241785
155	0.2238607493	0.2238607493
156	0.2236897482	0.2236897482
157	0.2236001001	0.2236001001
158	0.2235332668	0.2235332668
159	0.2233629483	0.2233629483
160	0.2231734619	0.2231734619
161	0.2230125248	0.2230125248
162	0.2229584437	0.2229584437
163	0.2227409682	0.2227409682
164	0.2223483671	0.2223483671
165	0.2219457504	0.2219457504
166	0.2218631806	0.2218631806
167	0.2217651286	0.2217651286
168	0.2216469534	0.2216469534
169	0.2215537689	0.2215537689
170	0.221480995	0.221480995
171	0.2214243749	0.2214243749
172	0.2213587424	0.2213587424
173	0.2212783744	0.2212783744
174	0.2211880935	0.2211880935
175	0.2211294032	0.2211294032
176	0.2210664905	0.2210664905
177	0.2205073763	0.2205073763
178	0.2200471098	0.2200471098
179	0.2199613122	0.2199613122
180	0.2197754244	0.2197754244
181	0.2196183817	0.2196183817
182	0.2195542007	0.2195542007
183	0.2194798578	0.2194798578
184	0.2192315919	0.2192315919
185	0.2190770265	0.2190770265
186	0.2190134456	0.2190134456
187	0.2187546004	0.2187546004
188	0.2187045139	0.2187045139
189	0.2186714936	0.2186714936
190	0.2186180871	0.2186180871
191	0.2184585227	0.2184585227
192	0.218426769	0.218426769
193	0.2183871445	0.2183871445
194	0.2181584734	0.2181584734
195	0.2181278824	0.2181278824
196	0.2178577071	0.2178577071
197	0.2177994333	0.2177994333
198	0.2175359739	0.2175359739
199	0.2171208292	0.2171208292
200	0.2170690272	0.2170690272
201	0.2167392297	0.2167392297
202	0.2166898905	0.2166898905
203	0.2162984918	0.2162984918
204	0.2160197746	0.2160197746
205	0.2159752525	0.2159752525
206	0.2157177687	0.2157177687
207	0.2156637196	0.2156637196
208	0.2156318728	0.2156318728
209	0.2155822743	0.2155822743
210	0.2155318199	0.2155318199
211	0.2154774592	0.2154774592
212	0.215337395	0.215337395
213	0.2152942055	0.2152942055
214	0.2152373438	0.2152373438
215	0.2150540744	0.2150540744
216	0.2147287327	0.2147287327
217	0.2146689221	0.2146689221
218	0.2146347636	0.2146347636
219	0.2145619826	0.2145619826
220	0.2144317291	0.2144317291
221	0.2141227924	0.2141227924
222	0.2140910393	0.2140910393
223	0.2139783773	0.2139783773
224	0.213935786	0.213935786
225	0.213811667	0.213811667
226	0.2137613406	0.2137613406
227	0.2136492364	0.2136492364
228	0.2136006136	0.2136006136
229	0.2133526012	0.2133526012
230	0.2129926639	0.2129926639
231	0.2129436237	0.2129436237
232	0.2129102894	0.2129102894
233	0.2128574333	0.2128574333
234	0.2128032081	0.2128032081
235	0.2127712891	0.2127712891
236	0.2127100288	0.2127100288
237	0.2126063475	0.2126063475
238	0.212551702	0.212551702
239	0.2122053845	0.2122053845
240	0.2119633369	0.2119633369
241	0.2118668671	0.2118668671
242	0.2117920331	0.2117920331
243	0.2117490011	0.2117490011
244	0.2115801502	0.2115801502
245	0.2115215772	0.2115215772
246	0.2114340837	0.2114340837
247	0.2113973807	0.2113973807
248	0.2113557919	0.2113557919
249	0.2113265718	0.2113265718
250	0.2113028339	0.2113028339
251	0.2110777889	0.2110777889
252	0.2109089854	0.2109089854
253	0.210824736	0.210824736
254	0.2106864397	0.2106864397
255	0.2106584727	0.2106584727
256	0.2105386396	0.2105386396
257	0.2105183483	0.2105183483
258	0.2104756759	0.2104756759
259	0.2104353637	0.2104353637
260	0.2103882557	0.2103882557
261	0.2102271596	0.2102271596
262	0.2101803798	0.2101803798
263	0.2101550626	0.2101550626
264	0.210128238	0.210128238
265	0.2100917685	0.2100917685
266	0.2100090131	0.2100090131
267	0.2098688966	0.2098688966
268	0.2098329205	0.2098329205
269	0.209799995	0.209799995
270	0.2097557537	0.2097557537
271	0.2097269806	0.2097269806
272	0.2096922858	0.2096922858
273	0.2095694989	0.2095694989
274	0.2094655507	0.2094655507
275	0.2094075457	0.2094075457
276	0.2093861612	0.2093861612
277	0.2093531377	0.2093531377
278	0.2091779939	0.2091779939
279	0.2091542222	0.2091542222
280	0.2089832852	0.2089832852
281	0.208955421	0.208955421
282	0.2089334731	0.2089334731
283	0.2088734705	0.2088734705
284	0.2088365955	0.2088365955
285	0.2087649391	0.2087649391
286	0.2087172964	0.2087172964
287	0.2085950714	0.2085950714
288	0.208557597	0.208557597
289	0.20853487	0.20853487
290	0.2084634906	0.2084634906
291	0.2084439411	0.2084439411
292	0.2084115463	0.2084115463
293	0.208351956	0.208351956
294	0.2083145711	0.2083145711
295	0.2082871053	0.2082871053
296	0.2082511893	0.2082511893
297	0.2082246962	0.2082246962
298	0.2081548442	0.2081548442
299	0.2080805513	0.2080805513
300	0.2080434287	0.2080434287
301	0.2079663633	0.2079663633
302	0.2079381368	0.2079381368
303	0.2079049697	0.2079049697
304	0.2078703071	0.2078703071
305	0.2078176029	0.2078176029
306	0.207759624	0.207759624
307	0.2077166876	0.2077166876
308	0.207670603	0.207670603
309	0.207641094	0.207641094
310	0.2075439462	0.2075439462
311	0.2074797367	0.2074797367
312	0.2073573149	0.2073573149
313	0.2073342666	0.2073342666
314	0.2072491735	0.2072491735
315	0.2072171689	0.2072171689
316	0.2071590874	0.2071590874
317	0.2071188167	0.2071188167
318	0.20709827	0.20709827
319	0.2070721856	0.2070721856
320	0.2069089881	0.2069089881
321	0.2068734263	0.2068734263
322	0.206785544	0.206785544
323	0.2067603202	0.2067603202
324	0.2067300153	0.2067300153
325	0.2066813947	0.2066813947
326	0.2066418597	0.2066418597
327	0.206607823	0.206607823
328	0.2065736024	0.2065736024
329	0.206540024	0.206540024
330	0.2065210873	0.2065210873
331	0.2064860766	0.2064860766
332	0.2064508396	0.2064508396
333	0.2063964938	0.2063964938
334	0.2063453221	0.2063453221
335	0.2063297748	0.2063297748
336	0.2063033226	0.2063033226
337	0.2062472032	0.2062472032
338	0.2062132648	0.2062132648
339	0.2061453523	0.2061453523
340	0.2060297162	0.2060297162
341	0.2060005799	0.2060005799
342	0.2058287398	0.2058287398
343	0.2056276178	0.2056276178
344	0.2054209721	0.2054209721
345	0.2052933035	0.2052933035
346	0.2050494145	0.2050494145
347	0.2047937338	0.2047937338
348	0.204760244	0.204760244
349	0.2047169779	0.2047169779
350	0.2046103716	0.2046103716
351	0.2045595847	0.2045595847
352	0.2045195504	0.2045195504
353	0.2045018016	0.2045018016
354	0.2044771619	0.2044771619
355	0.204422512	0.204422512
356	0.2043794898	0.2043794898
357	0.2043556842	0.2043556842
358	0.2043251353	0.2043251353
359	0.204307447	0.204307447
360	0.204225853	0.204225853
361	0.2042017811	0.2042017811
362	0.204098858	0.204098858
363	0.2040817423	0.2040817423
364	0.2040611276	0.2040611276
365	0.2040370742	0.2040370742
366	0.2040103292	0.2040103292
367	0.2039902755	0.2039902755
368	0.2039382606	0.2039382606
369	0.2038427549	0.2038427549
370	0.2038126033	0.2038126033
371	0.203774488	0.203774488
372	0.2037302137	0.2037302137
373	0.203703331	0.203703331
374	0.2036654925	0.2036654925
375	0.2036450913	0.2036450913
376	0.2036232036	0.2036232036
377	0.2035944985	0.2035944985
378	0.2035127341	0.2035127341
379	0.2034366274	0.2034366274
380	0.2034114729	0.2034114729
381	0.2033874088	0.2033874088
382	0.20335808	0.20335808
383	0.2033361987	0.2033361987
384	0.2033091827	0.2033091827
385	0.2032672952	0.2032672952
386	0.2032304542	0.2032304542
387	0.2031902457	0.2031902457
388	0.2031597667	0.2031597667
389	0.2031480708	0.2031480708
390	0.2031102453	0.2031102453
391	0.2030882164	0.2030882164
392	0.2030373342	0.2030373342
393	0.203007794	0.203007794
394	0.2029466501	0.2029466501
395	0.2028799311	0.2028799311
396	0.2028544152	0.2028544152
397	0.2028113094	0.2028113094
398	0.2027832896	0.2027832896
399	0.2027523176	0.2027523176
400	0.2027083756	0.2027083756
401	0.2026822412	0.2026822412
402	0.2026407706	0.2026407706
403	0.2025712664	0.2025712664
404	0.2025448948	0.2025448948
405	0.2025226022	0.2025226022
406	0.2024633498	0.2024633498
407	0.2024406904	0.2024406904
408	0.2024245089	0.2024245089
409	0.2023936534	0.2023936534
410	0.2023652601	0.2023652601
411	0.2022934567	0.2022934567
412	0.2022499628	0.2022499628
413	0.2022208497	0.2022208497
414	0.2021812645	0.2021812645
415	0.2021598844	0.2021598844
416	0.2021419968	0.2021419968
417	0.2021055348	0.2021055348
418	0.2020843759	0.2020843759
419	0.2020589278	0.2020589278
420	0.2020371608	0.2020371608
421	0.2020132335	0.2020132335
422	0.2019896093	0.2019896093
423	0.2019561148	0.2019561148
424	0.2019346998	0.2019346998
425	0.2019112009	0.2019112009
426	0.2018861479	0.2018861479
427	0.2018259552	0.2018259552
428	0.2017955419	0.2017955419
429	0.2017619118	0.2017619118
430	0.2017313644	0.2017313644
431	0.2016591627	0.2016591627
432	0.2016177622	0.2016177622
433	0.2016058801	0.2016058801
434	0.2015664955	0.2015664955
435	0.2015287742	0.2015287742
436	0.2015109429	0.2015109429
437	0.2014855398	0.2014855398
438	0.2014429646	0.2014429646
439	0.2014258228	0.2014258228
440	0.201386353	0.201386353
441	0.2013045235	0.2013045235
442	0.2012846377	0.2012846377
443	0.2012726779	0.2012726779
444	0.2012470479	0.2012470479
445	0.201220188	0.201220188
446	0.201178541	0.201178541
447	0.2011297172	0.2011297172
448	0.2010655273	0.2010655273
449	0.2010427278	0.2010427278
450	0.201006354	0.201006354
451	0.2009879548	0.2009879548
452	0.2009615982	0.2009615982
453	0.2009427293	0.2009427293
454	0.2009029952	0.2009029952
455	0.2008668116	0.2008668116
456	0.2008375993	0.2008375993
457	0.2008188187	0.2008188187
458	0.2007839876	0.2007839876
459	0.200762462	0.200762462
460	0.2007378049	0.2007378049
461	0.2007147104	0.2007147104
462	0.200693245	0.200693245
463	0.2006584254	0.2006584254
464	0.2006238118	0.2006238118
465	0.2005903462	0.2005903462
466	0.2005658391	0.2005658391
467	0.2005414868	0.2005414868
468	0.2004755169	0.2004755169
469	0.2004475805	0.2004475805
470	0.2004310846	0.2004310846
471	0.2004082813	0.2004082813
472	0.2003823223	0.2003823223
473	0.200200723	0.200200723
474	0.200162565	0.200162565
475	0.1999552239	0.1999552239
476	0.1998479021	0.1998479021
477	0.1998214773	0.1998214773
478	0.199786252	0.199786252
479	0.1997540986	0.1997540986
480	0.1997270741	0.1997270741
481	0.1996992169	0.1996992169
482	0.1996694333	0.1996694333
483	0.1996343772	0.1996343772
484	0.199566942	0.199566942
485	0.1995448824	0.1995448824
486	0.1995072946	0.1995072946
487	0.1994825369	0.1994825369
488	0.1994548786	0.1994548786
489	0.1994213334	0.1994213334
490	0.1994013312	0.1994013312
491	0.1993702367	0.1993702367
492	0.1993255592	0.1993255592
493	0.1993076775	0.1993076775
494	0.199289522	0.199289522
495	0.199273988	0.199273988
496	0.1992348598	0.1992348598
497	0.19921346	0.19921346
498	0.1991785987	0.1991785987
499	0.1990207308	0.1990207308
500	0.1989727136	0.1989727136
501	0.1989100486	0.1989100486
502	0.1987673367	0.1987673367
503	0.1986100958	0.1986100958
504	0.198499267	0.198499267
505	0.1984747818	0.1984747818
506	0.1984380398	0.1984380398
507	0.1983974683	0.1983974683
508	0.198259548	0.198259548
509	0.1981246562	0.1981246562
510	0.1979851573	0.1979851573
511	0.1978600724	0.1978600724
512	0.1977807567	0.1977807567
513	0.1977419212	0.1977419212
514	0.1977231521	0.1977231521
515	0.1976759252	0.1976759252
516	0.1976489879	0.1976489879
517	0.1976265117	0.1976265117
518	0.1976055269	0.1976055269
519	0.1975782391	0.1975782391
520	0.1975533968	0.1975533968
521	0.1975138728	0.1975138728
522	0.1974945115	0.1974945115
523	0.19747571	0.19747571
524	0.1974354559	0.1974354559
525	0.1974078896	0.1974078896
526	0.19739091	0.19739091
527	0.1973800833	0.1973800833
528	0.1973578209	0.1973578209
529	0.197329322	0.197329322
530	0.1973130634	0.1973130634
531	0.1972732165	0.1972732165
532	0.1972568189	0.1972568189
533	0.1972207484	0.1972207484
534	0.1971111372	0.1971111372
535	0.1970651494	0.1970651494
536	0.1970565247	0.1970565247
537	0.1970183556	0.1970183556
538	0.1969882996	0.1969882996
539	0.1969708969	0.1969708969
540	0.1969372797	0.1969372797
541	0.1969010151	0.1969010151
542	0.1968818503	0.1968818503
543	0.1968511021	0.1968511021
544	0.1968288593	0.1968288593
545	0.196805204	0.196805204
546	0.19678503	0.19678503
547	0.19676057	0.19676057
548	0.1967309263	0.1967309263
549	0.1966991607	0.1966991607
550	0.1966661678	0.1966661678
551	0.1966377799	0.1966377799
552	0.1966155806	0.1966155806
553	0.1965365678	0.1965365678
554	0.196502744	0.196502744
555	0.1964811384	0.1964811384
556	0.1964617762	0.1964617762
557	0.1964416896	0.1964416896
558	0.1964333816	0.1964333816
559	0.196393258	0.196393258
560	0.1963690756	0.1963690756
561	0.1963450374	0.1963450374
562	0.1962697675	0.1962697675
563	0.1962417421	0.1962417421
564	0.1962144721	0.1962144721
565	0.196197446	0.196197446
566	0.1961615239	0.1961615239
567	0.1961480153	0.1961480153
568	0.1961110371	0.1961110371
569	0.1960989215	0.1960989215
570	0.1960790116	0.1960790116
571	0.1960628575	0.1960628575
572	0.1960271695	0.1960271695
573	0.1960069606	0.1960069606
574	0.1960018698	0.1960018698
575	0.1959802265	0.1959802265
576	0.1959683475	0.1959683475
577	0.1959590871	0.1959590871
578	0.1959308026	0.1959308026
579	0.195909706	0.195909706
580	0.1958902203	0.1958902203
581	0.1958636719	0.1958636719
582	0.1958421236	0.1958421236
583	0.1958255251	0.1958255251
584	0.1958121436	0.1958121436
585	0.195802894	0.195802894
586	0.1957891464	0.1957891464
587	0.1957808071	0.1957808071
588	0.1957621567	0.1957621567
589	0.1957345373	0.1957345373
590	0.1957086259	0.1957086259
591	0.195658378	0.195658378
592	0.1955917731	0.1955917731
593	0.1955211254	0.1955211254
594	0.1954904733	0.1954904733
595	0.1954616918	0.1954616918
596	0.195445913	0.195445913
597	0.195427252	0.195427252
598	0.195413259	0.195413259
599	0.1953882677	0.1953882677
600	0.1953493706	0.1953493706
601	0.1952362982	0.1952362982
602	0.1951925325	0.1951925325
603	0.1951712668	0.1951712668
604	0.1951326124	0.1951326124
605	0.1951196687	0.1951196687
606	0.1950332495	0.1950332495
607	0.1949851145	0.1949851145
608	0.1949624787	0.1949624787
609	0.194939062	0.194939062
610	0.1949160173	0.1949160173
611	0.1948993825	0.1948993825
612	0.1948855126	0.1948855126
613	0.1948616519	0.1948616519
614	0.1948452749	0.1948452749
615	0.1948230861	0.1948230861
616	0.1948066136	0.1948066136
617	0.1947338979	0.1947338979
618	0.1946704193	0.1946704193
619	0.1945800208	0.1945800208
620	0.1945549772	0.1945549772
621	0.1945053615	0.1945053615
622	0.1944443484	0.1944443484
623	0.1943290749	0.1943290749
624	0.1943177241	0.1943177241
625	0.1942815257	0.1942815257
626	0.1942631649	0.1942631649
627	0.194106283	0.194106283
628	0.1939870326	0.1939870326
629	0.1939725306	0.1939725306
630	0.193920957	0.193920957
631	0.1938901447	0.1938901447
632	0.1938712547	0.1938712547
633	0.1938284745	0.1938284745
634	0.1938091086	0.1938091086
635	0.1937765599	0.1937765599
636	0.1937590699	0.1937590699
637	0.1937475715	0.1937475715
638	0.1937229834	0.1937229834
639	0.1937036057	0.1937036057
640	0.1936823197	0.1936823197
641	0.1936154427	0.1936154427
642	0.1935986891	0.1935986891
643	0.1935773837	0.1935773837
644	0.1935520299	0.1935520299
645	0.1935247821	0.1935247821
646	0.1934961733	0.1934961733
647	0.1934816861	0.1934816861
648	0.1934588288	0.1934588288
649	0.1934489615	0.1934489615
650	0.193428202	0.193428202
651	0.1934074063	0.1934074063
652	0.1933735994	0.1933735994
653	0.19335008	0.19335008
654	0.1933330933	0.1933330933
655	0.1933078189	0.1933078189
656	0.1932054917	0.1932054917
657	0.1931826738	0.1931826738
658	0.1931641155	0.1931641155
659	0.1931528471	0.1931528471
660	0.1931373375	0.1931373375
661	0.1931161827	0.1931161827
662	0.1930950453	0.1930950453
663	0.1930701907	0.1930701907
664	0.193053953	0.193053953
665	0.1930375407	0.1930375407
666	0.1929834901	0.1929834901
667	0.1929548867	0.1929548867
668	0.19293797	0.19293797
669	0.1929174199	0.1929174199
670	0.1928487023	0.1928487023
671	0.1927817567	0.1927817567
672	0.1927621718	0.1927621718
673	0.1927467778	0.1927467778
674	0.1927254236	0.1927254236
675	0.1927172112	0.1927172112
676	0.192704562	0.192704562
677	0.1926871432	0.1926871432
678	0.192670136	0.192670136
679	0.1926578975	0.1926578975
680	0.1926338744	0.1926338744
681	0.1926059754	0.1926059754
682	0.1925895293	0.1925895293
683	0.1925095186	0.1925095186
684	0.1924937407	0.1924937407
685	0.1924709347	0.1924709347
686	0.1924553898	0.1924553898
687	0.1924348191	0.1924348191
688	0.1924197751	0.1924197751
689	0.1924046284	0.1924046284
690	0.1923881093	0.1923881093
691	0.1923558871	0.1923558871
692	0.1923355378	0.1923355378
693	0.1922609779	0.1922609779
694	0.1922341793	0.1922341793
695	0.1922160825	0.1922160825
696	0.1921931893	0.1921931893
697	0.1921690705	0.1921690705
698	0.1921608945	0.1921608945
699	0.192141174	0.192141174
700	0.1921224132	0.1921224132
701	0.1920575479	0.1920575479
702	0.1920450705	0.1920450705
703	0.1920381287	0.1920381287
704	0.1920253065	0.1920253065
705	0.1920012192	0.1920012192
706	0.1919793986	0.1919793986
707	0.1919575788	0.1919575788
708	0.1919187264	0.1919187264
709	0.1918805905	0.1918805905
710	0.1918388404	0.1918388404
711	0.1918189942	0.1918189942
712	0.1917968925	0.1917968925
713	0.1917642579	0.1917642579
714	0.1917507121	0.1917507121
715	0.1917264816	0.1917264816
716	0.1917077126	0.1917077126
717	0.1916916237	0.1916916237
718	0.1916657643	0.1916657643
719	0.1916411513	0.1916411513
720	0.1916301453	0.1916301453
721	0.1916043105	0.1916043105
722	0.191585182	0.191585182
723	0.1915537576	0.1915537576
724	0.1915309987	0.1915309987
725	0.1915161151	0.1915161151
726	0.191496481	0.191496481
727	0.1914717282	0.1914717282
728	0.191455949	0.191455949
729	0.1914389854	0.1914389854
730	0.1914103201	0.1914103201
731	0.1913957333	0.1913957333
732	0.191379132	0.191379132
733	0.1913388221	0.1913388221
734	0.1913159068	0.1913159068
735	0.191286272	0.191286272
736	0.1912706676	0.1912706676
737	0.1912543283	0.1912543283
738	0.1912285803	0.1912285803
739	0.1912085614	0.1912085614
740	0.1911980681	0.1911980681
741	0.1911728936	0.1911728936
742	0.1911599374	0.1911599374
743	0.1911300656	0.1911300656
744	0.1911139907	0.1911139907
745	0.1910903487	0.1910903487
746	0.1910780931	0.1910780931
747	0.1910606496	0.1910606496
748	0.1910380382	0.1910380382
749	0.1910169753	0.1910169753
750	0.1910111472	0.1910111472
751	0.1909976109	0.1909976109
752	0.1909216547	0.1909216547
753	0.1909030531	0.1909030531
754	0.1908792132	0.1908792132
755	0.1908655771	0.1908655771
756	0.1908484029	0.1908484029
757	0.1908345023	0.1908345023
758	0.1908105955	0.1908105955
759	0.1907858278	0.1907858278
760	0.1907780761	0.1907780761
761	0.1907566633	0.1907566633
762	0.1907389331	0.1907389331
763	0.1907207797	0.1907207797
764	0.1907007456	0.1907007456
765	0.1906584611	0.1906584611
766	0.1906433134	0.1906433134
767	0.1906014716	0.1906014716
768	0.1905905593	0.1905905593
769	0.1905640457	0.1905640457
770	0.1905417798	0.1905417798
771	0.1905265211	0.1905265211
772	0.1905220508	0.1905220508
773	0.1904721471	0.1904721471
774	0.1904601973	0.1904601973
775	0.1904426313	0.1904426313
776	0.1904256804	0.1904256804
777	0.1904077653	0.1904077653
778	0.1903669662	0.1903669662
779	0.1903539345	0.1903539345
780	0.1903368951	0.1903368951
781	0.1902889543	0.1902889543
782	0.1902635247	0.1902635247
783	0.1902557451	0.1902557451
784	0.1902446666	0.1902446666
785	0.190203873	0.190203873
786	0.1901668021	0.1901668021
787	0.1901601816	0.1901601816
788	0.1901451719	0.1901451719
789	0.1901247427	0.1901247427
790	0.190112633	0.190112633
791	0.190076716	0.190076716
792	0.1900640364	0.1900640364
793	0.1900423441	0.1900423441
794	0.1900168038	0.1900168038
795	0.1900017608	0.1900017608
796	0.1899394678	0.1899394678
797	0.1899283433	0.1899283433
798	0.1899166286	0.1899166286
799	0.1899073263	0.1899073263
800	0.189890678	0.189890678
801	0.1898648904	0.1898648904
802	0.1898476106	0.1898476106
803	0.189827606	0.189827606
804	0.1897887334	0.1897887334
805	0.1897749051	0.1897749051
806	0.189763887	0.189763887
807	0.1897165614	0.1897165614
808	0.1896936228	0.1896936228
809	0.1896803938	0.1896803938
810	0.1896666288	0.1896666288
811	0.1896491078	0.1896491078
812	0.1896306422	0.1896306422
813	0.1895951081	0.1895951081
814	0.1895795393	0.1895795393
815	0.1895627857	0.1895627857
816	0.1895461469	0.1895461469
817	0.1895187253	0.1895187253
818	0.1894993113	0.1894993113
819	0.1894716679	0.1894716679
820	0.1894531073	0.1894531073
821	0.1894348652	0.1894348652
822	0.1894036093	0.1894036093
823	0.1893907624	0.1893907624
824	0.1893733014	0.1893733014
825	0.1893576901	0.1893576901
826	0.1893415594	0.1893415594
827	0.1893208073	0.1893208073
828	0.1892882563	0.1892882563
829	0.1892691619	0.1892691619
830	0.1892571984	0.1892571984
831	0.189243139	0.189243139
832	0.1892253149	0.1892253149
833	0.1892046654	0.1892046654
834	0.1891376667	0.1891376667
835	0.1891204183	0.1891204183
836	0.1890862944	0.1890862944
837	0.1890552878	0.1890552878
838	0.1890347149	0.1890347149
839	0.1890211282	0.1890211282
840	0.1890069978	0.1890069978
841	0.1890024499	0.1890024499
842	0.1889824367	0.1889824367
843	0.1889418005	0.1889418005
844	0.188912497	0.188912497
845	0.1888946308	0.1888946308
846	0.1888792912	0.1888792912
847	0.1888551224	0.1888551224
848	0.1888413635	0.1888413635
849	0.1888186336	0.1888186336
850	0.188792266	0.188792266
851	0.1887780614	0.1887780614
852	0.1887569002	0.1887569002
853	0.1887327691	0.1887327691
854	0.188716032	0.188716032
855	0.1886957418	0.1886957418
856	0.1886827255	0.1886827255
857	0.1886633201	0.1886633201
858	0.1886512822	0.1886512822
859	0.188643807	0.188643807
860	0.1886124143	0.1886124143
861	0.1885972145	0.1885972145
862	0.1885818724	0.1885818724
863	0.188563345	0.188563345
864	0.1885463802	0.1885463802
865	0.1885167573	0.1885167573
866	0.1885097533	0.1885097533
867	0.1884919142	0.1884919142
868	0.1884762884	0.1884762884
869	0.1884564842	0.1884564842
870	0.1884384932	0.1884384932
871	0.1884324477	0.1884324477
872	0.188418465	0.188418465
873	0.1884030975	0.1884030975
874	0.1883745312	0.1883745312
875	0.1883584332	0.1883584332
876	0.1883376555	0.1883376555
877	0.1883255976	0.1883255976
878	0.1882996355	0.1882996355
879	0.1882743283	0.1882743283
880	0.1882641317	0.1882641317
881	0.1882369001	0.1882369001
882	0.1882139178	0.1882139178
883	0.1882051252	0.1882051252
884	0.1881812923	0.1881812923
885	0.188162099	0.188162099
886	0.1881512251	0.1881512251
887	0.188137532	0.188137532
888	0.1881141553	0.1881141553
889	0.1880924857	0.1880924857
890	0.1880600685	0.1880600685
891	0.1880440613	0.1880440613
892	0.1880218873	0.1880218873
893	0.1880005211	0.1880005211
894	0.1879904901	0.1879904901
895	0.1879671575	0.1879671575
896	0.1879443598	0.1879443598
897	0.1879212971	0.1879212971
898	0.1878947603	0.1878947603
899	0.1878196183	0.1878196183
900	0.187799171	0.187799171
901	0.1877818483	0.1877818483
902	0.1877652448	0.1877652448
903	0.1877493728	0.1877493728
904	0.1877091366	0.1877091366
905	0.1876862729	0.1876862729
906	0.1876644824	0.1876644824
907	0.1876514006	0.1876514006
908	0.1876370091	0.1876370091
909	0.1876101908	0.1876101908
910	0.1875965772	0.1875965772
911	0.187584904	0.187584904
912	0.1875683183	0.1875683183
913	0.1875400166	0.1875400166
914	0.1875157541	0.1875157541
915	0.1874981675	0.1874981675
916	0.1874773048	0.1874773048
917	0.1874625836	0.1874625836
918	0.1874326645	0.1874326645
919	0.1874144192	0.1874144192
920	0.187349324	0.187349324
921	0.1873322052	0.1873322052
922	0.187324428	0.187324428
923	0.1873085599	0.1873085599
924	0.1872978472	0.1872978472
925	0.1872834942	0.1872834942
926	0.1872539752	0.1872539752
927	0.1872349068	0.1872349068
928	0.187183599	0.187183599
929	0.187168611	0.187168611
930	0.1871528309	0.1871528309
931	0.1871427364	0.1871427364
932	0.1871340222	0.1871340222
933	0.1871206691	0.1871206691
934	0.1871112847	0.1871112847
935	0.1870398998	0.1870398998
936	0.1870242146	0.1870242146
937	0.1869988505	0.1869988505
938	0.1869782628	0.1869782628
939	0.1869635091	0.1869635091
940	0.1869404056	0.1869404056
941	0.1869264008	0.1869264008
942	0.1869172845	0.1869172845
943	0.1869080228	0.1869080228
944	0.1868867966	0.1868867966
945	0.1868695089	0.1868695089
946	0.1868507832	0.1868507832
947	0.1868246279	0.1868246279
948	0.1867990544	0.1867990544
949	0.1867869902	0.1867869902
950	0.1867746131	0.1867746131
951	0.1867624537	0.1867624537
952	0.1867541253	0.1867541253
953	0.1867414513	0.1867414513
954	0.1867264288	0.1867264288
955	0.1866842857	0.1866842857
956	0.1866756063	0.1866756063
957	0.1866607857	0.1866607857
958	0.1866449591	0.1866449591
959	0.1866303775	0.1866303775
960	0.1866062643	0.1866062643
961	0.186600453	0.186600453
962	0.186580941	0.186580941
963	0.1865745531	0.1865745531
964	0.18655775	0.18655775
965	0.186546446	0.186546446
966	0.1865316994	0.1865316994
967	0.1865142305	0.1865142305
968	0.1865005137	0.1865005137
969	0.1864935121	0.1864935121
970	0.1864791163	0.1864791163
971	0.1864560526	0.1864560526
972	0.1864337939	0.1864337939
973	0.1864263286	0.1864263286
974	0.1864076653	0.1864076653
975	0.1863868224	0.1863868224
976	0.1863557178	0.1863557178
977	0.1863334819	0.1863334819
978	0.186312929	0.186312929
979	0.1862995143	0.1862995143
980	0.1862672367	0.1862672367
981	0.1862490539	0.1862490539
982	0.1862334047	0.1862334047
983	0.1862211623	0.1862211623
984	0.186187289	0.186187289
985	0.1861730486	0.1861730486
986	0.1861572674	0.1861572674
987	0.1861430224	0.1861430224
988	0.1861215035	0.1861215035
989	0.1861120851	0.1861120851
990	0.1860665356	0.1860665356
991	0.1860591072	0.1860591072
992	0.1860397259	0.1860397259
993	0.1860185744	0.1860185744
994	0.1860012262	0.1860012262
995	0.1859865319	0.1859865319
996	0.1859705844	0.1859705844
997	0.1859454821	0.1859454821
998	0.1859349253	0.1859349253
999	0.18590165	0.18590165
1000	0.185884675	0.185884675
1001	0.1858687818	0.1858687818
1002	0.1858558858	0.1858558858
1003	0.1858416922	0.1858416922
1004	0.1858204754	0.1858204754
1005	0.1858115466	0.1858115466
1006	0.1857823988	0.1857823988
1007	0.1857772033	0.1857772033
1008	0.1857696588	0.1857696588
1009	0.1857625821	0.1857625821
1010	0.185757155	0.185757155
1011	0.1857463201	0.1857463201
1012	0.1857394547	0.1857394547
1013	0.1857134312	0.1857134312
1014	0.1856975388	0.1856975388
1015	0.1856805692	0.1856805692
1016	0.1856658107	0.1856658107
1017	0.1856484508	0.1856484508
1018	0.1856369984	0.1856369984
1019	0.1856254893	0.1856254893
1020	0.1856142653	0.1856142653
1021	0.1856047774	0.1856047774
1022	0.1855969054	0.1855969054
1023	0.1855822686	0.1855822686
1024	0.1855606568	0.1855606568
1025	0.1855502053	0.1855502053
1026	0.1855442942	0.1855442942
1027	0.1855262007	0.1855262007
1028	0.1855132109	0.1855132109
1029	0.1854989528	0.1854989528
1030	0.185479373	0.185479373
1031	0.1854669261	0.1854669261
1032	0.1854548027	0.1854548027
1033	0.1854410285	0.1854410285
1034	0.1854284771	0.1854284771
1035	0.1854057462	0.1854057462
1036	0.1853922417	0.1853922417
1037	0.1853847731	0.1853847731
1038	0.1853782243	0.1853782243
1039	0.1853540408	0.1853540408
1040	0.1853411901	0.1853411901
1041	0.1853361477	0.1853361477
1042	0.1853253342	0.1853253342
1043	0.1853102535	0.1853102535
1044	0.1852950422	0.1852950422
1045	0.1852825733	0.1852825733
1046	0.1852634977	0.1852634977
1047	0.1852396741	0.1852396741
1048	0.1852237858	0.1852237858
1049	0.1851977938	0.1851977938
1050	0.185175451	0.185175451
1051	0.1851616761	0.1851616761
1052	0.1851470812	0.1851470812
1053	0.1851214716	0.1851214716
1054	0.1851108404	0.1851108404
1055	0.1850961479	0.1850961479
1056	0.185085009	0.185085009
1057	0.1850771713	0.1850771713
1058	0.1850699756	0.1850699756
1059	0.1850583959	0.1850583959
1060	0.185048471	0.185048471
1061	0.1850383064	0.1850383064
1062	0.1850300091	0.1850300091
1063	0.1850093702	0.1850093702
1064	0.1849952074	0.1849952074
1065	0.1849889587	0.1849889587
1066	0.1849736703	0.1849736703
1067	0.1849605072	0.1849605072
1068	0.1849495742	0.1849495742
1069	0.1849328887	0.1849328887
1070	0.1848767098	0.1848767098
1071	0.1848565738	0.1848565738
1072	0.1848356435	0.1848356435
1073	0.1848052567	0.1848052567
1074	0.1847980877	0.1847980877
1075	0.1847851756	0.1847851756
1076	0.1847774299	0.1847774299
1077	0.1847573047	0.1847573047
1078	0.1847338558	0.1847338558
1079	0.1847257549	0.1847257549
1080	0.1846995317	0.1846995317
1081	0.1846873856	0.1846873856
1082	0.1846752556	0.1846752556
1083	0.1846655268	0.1846655268
1084	0.1846485498	0.1846485498
1085	0.1846316772	0.1846316772
1086	0.1846219137	0.1846219137
1087	0.1846013228	0.1846013228
1088	0.1845826238	0.1845826238
1089	0.1845689673	0.1845689673
1090	0.1845622333	0.1845622333
1091	0.1845390557	0.1845390557
1092	0.1845274393	0.1845274393
1093	0.1845043558	0.1845043558
1094	0.18449155	0.18449155
1095	0.1844366922	0.1844366922
1096	0.1843992581	0.1843992581
1097	0.1843784422	0.1843784422
1098	0.1843626927	0.1843626927
1099	0.1843362185	0.1843362185
1100	0.1843169437	0.1843169437
1101	0.1842752894	0.1842752894
1102	0.1842381748	0.1842381748
1103	0.1842280256	0.1842280256
1104	0.1842184091	0.1842184091
1105	0.1841991987	0.1841991987
1106	0.1841422651	0.1841422651
1107	0.1841335626	0.1841335626
1108	0.1840972145	0.1840972145
1109	0.1840894711	0.1840894711
1110	0.1840759697	0.1840759697
1111	0.1840669688	0.1840669688
1112	0.1840491178	0.1840491178
1113	0.1840354967	0.1840354967
1114	0.184020214	0.184020214
1115	0.1840102999	0.1840102999
1116	0.1839980844	0.1839980844
1117	0.1839838107	0.1839838107
1118	0.1839718807	0.1839718807
1119	0.1839637582	0.1839637582
1120	0.1839566388	0.1839566388
1121	0.1839402679	0.1839402679
1122	0.1839246216	0.1839246216
1123	0.1839120507	0.1839120507
1124	0.183892954	0.183892954
1125	0.183886227	0.183886227
1126	0.1838805371	0.1838805371
1127	0.1838622096	0.1838622096
1128	0.1838323088	0.1838323088
1129	0.1837898411	0.1837898411
1130	0.1837716762	0.1837716762
1131	0.1837575732	0.1837575732
1132	0.1837356842	0.1837356842
1133	0.1837241706	0.1837241706
1134	0.183717372	0.183717372
1135	0.1837028969	0.1837028969
1136	0.183689418	0.183689418
1137	0.1836670897	0.1836670897
1138	0.1836568424	0.1836568424
1139	0.1836423795	0.1836423795
1140	0.1836340373	0.1836340373
1141	0.1836259591	0.1836259591
1142	0.1836139019	0.1836139019
1143	0.1836026138	0.1836026138
1144	0.1835923617	0.1835923617
1145	0.1835716469	0.1835716469
1146	0.1835474053	0.1835474053
1147	0.18354196	0.18354196
1148	0.1835285553	0.1835285553
1149	0.1835069979	0.1835069979
1150	0.18349549	0.18349549
1151	0.1834863762	0.1834863762
1152	0.1834666605	0.1834666605
1153	0.1834514005	0.1834514005
1154	0.1834323683	0.1834323683
1155	0.1834203878	0.1834203878
1156	0.1833932452	0.1833932452
1157	0.183360458	0.183360458
1158	0.1833383373	0.1833383373
1159	0.1833308992	0.1833308992
1160	0.1833203515	0.1833203515
1161	0.1832986597	0.1832986597
1162	0.1832805049	0.1832805049
1163	0.183268593	0.183268593
1164	0.1832587653	0.1832587653
1165	0.1832506199	0.1832506199
1166	0.1832353183	0.1832353183
1167	0.1831999023	0.1831999023
1168	0.1831838865	0.1831838865
1169	0.1831686631	0.1831686631
1170	0.1831621838	0.1831621838
1171	0.1831427157	0.1831427157
1172	0.1831322847	0.1831322847
1173	0.1831225165	0.1831225165
1174	0.1831055395	0.1831055395
1175	0.1830925508	0.1830925508
1176	0.1830823487	0.1830823487
1177	0.1830740789	0.1830740789
1178	0.1830636517	0.1830636517
1179	0.1830500425	0.1830500425
1180	0.1830430986	0.1830430986
1181	0.1830327755	0.1830327755
1182	0.1830183894	0.1830183894
1183	0.1830142921	0.1830142921
1184	0.1830053893	0.1830053893
1185	0.1829810092	0.1829810092
1186	0.1829736592	0.1829736592
1187	0.1829639513	0.1829639513
1188	0.1829445278	0.1829445278
1189	0.1829321057	0.1829321057
1190	0.1829194592	0.1829194592
1191	0.1828948265	0.1828948265
1192	0.1828756393	0.1828756393
1193	0.1828571093	0.1828571093
1194	0.1828345433	0.1828345433
1195	0.1827890305	0.1827890305
1196	0.1827725084	0.1827725084
1197	0.1827589419	0.1827589419
1198	0.1827422567	0.1827422567
1199	0.18272581	0.18272581
1200	0.1827013301	0.1827013301
1201	0.1826810132	0.1826810132
1202	0.1826611157	0.1826611157
1203	0.1826448646	0.1826448646
1204	0.1826318399	0.1826318399
1205	0.1826133777	0.1826133777
1206	0.1826030145	0.1826030145
1207	0.1825889138	0.1825889138
1208	0.1825751003	0.1825751003
1209	0.182570031	0.182570031
1210	0.1825602127	0.1825602127
1211	0.182525597	0.182525597
1212	0.1825198381	0.1825198381
1213	0.1825114078	0.1825114078
1214	0.1824727849	0.1824727849
1215	0.1824625586	0.1824625586
1216	0.1824369309	0.1824369309
1217	0.1824105958	0.1824105958
1218	0.1823929068	0.1823929068
1219	0.1823717931	0.1823717931
1220	0.1823623881	0.1823623881
1221	0.1823391802	0.1823391802
1222	0.1823217241	0.1823217241
1223	0.1822763699	0.1822763699
1224	0.1822691733	0.1822691733
1225	0.1822537262	0.1822537262
1226	0.1822426417	0.1822426417
1227	0.1822240529	0.1822240529
1228	0.1822138401	0.1822138401
1229	0.1821949074	0.1821949074
1230	0.1821851658	0.1821851658
1231	0.1821710157	0.1821710157
1232	0.1821509824	0.1821509824
1233	0.1821420201	0.1821420201
1234	0.1821296315	0.1821296315
1235	0.1821162419	0.1821162419
1236	0.1820983633	0.1820983633
1237	0.1820867028	0.1820867028
1238	0.1820703009	0.1820703009
1239	0.1820576789	0.1820576789
1240	0.1820352122	0.1820352122
1241	0.1820281413	0.1820281413
1242	0.1820075747	0.1820075747
1243	0.1819940724	0.1819940724
1244	0.1819723068	0.1819723068
1245	0.1819617383	0.1819617383
1246	0.1819412677	0.1819412677
1247	0.1819316815	0.1819316815
1248	0.181919897	0.181919897
1249	0.1819161421	0.1819161421
1250	0.1819081173	0.1819081173
1251	0.1818955602	0.1818955602
1252	0.1818759771	0.1818759771
1253	0.1818588555	0.1818588555
1254	0.1818387221	0.1818387221
1255	0.181822458	0.181822458
1256	0.1818098413	0.1818098413
1257	0.181797416	0.181797416
1258	0.1817724761	0.1817724761
1259	0.1817652317	0.1817652317
1260	0.181752136	0.181752136
1261	0.1817309244	0.1817309244
1262	0.1817190516	0.1817190516
1263	0.1817156672	0.1817156672
1264	0.1816994837	0.1816994837
1265	0.1816639444	0.1816639444
1266	0.1816517528	0.1816517528
1267	0.1816406053	0.1816406053
1268	0.1816225905	0.1816225905
1269	0.1816129493	0.1816129493
1270	0.1815865889	0.1815865889
1271	0.1815805288	0.1815805288
1272	0.1815496202	0.1815496202
1273	0.1815435388	0.1815435388
1274	0.1815307838	0.1815307838
1275	0.1815193788	0.1815193788
1276	0.1815118728	0.1815118728
1277	0.1814808933	0.1814808933
1278	0.1814684142	0.1814684142
1279	0.1814404787	0.1814404787
1280	0.1814313409	0.1814313409
1281	0.1814159943	0.1814159943
1282	0.1813999817	0.1813999817
1283	0.1813818892	0.1813818892
1284	0.1813676992	0.1813676992
1285	0.1813565309	0.1813565309
1286	0.1813318709	0.1813318709
1287	0.1813177939	0.1813177939
1288	0.1813115144	0.1813115144
1289	0.181285472	0.181285472
1290	0.1812657936	0.1812657936
1291	0.1812530278	0.1812530278
1292	0.1812236207	0.1812236207
1293	0.1812017079	0.1812017079
1294	0.1811898539	0.1811898539
1295	0.1811694628	0.1811694628
1296	0.1811540208	0.1811540208
1297	0.181139253	0.181139253
1298	0.1811237859	0.1811237859
1299	0.1811050429	0.1811050429
1300	0.1810696759	0.1810696759
1301	0.1810440359	0.1810440359
1302	0.1810282273	0.1810282273
1303	0.181012628	0.181012628
1304	0.1809929952	0.1809929952
1305	0.1809781845	0.1809781845
1306	0.1809658081	0.1809658081
1307	0.1809312225	0.1809312225
1308	0.1809189543	0.1809189543
1309	0.1809080981	0.1809080981
1310	0.1808812523	0.1808812523
1311	0.1808728034	0.1808728034
1312	0.1808711599	0.1808711599
1313	0.1808587841	0.1808587841
1314	0.1808424724	0.1808424724
1315	0.1808232841	0.1808232841
1316	0.1808026696	0.1808026696
1317	0.1807915284	0.1807915284
1318	0.1807761475	0.1807761475
1319	0.1807686986	0.1807686986
1320	0.1807595302	0.1807595302
1321	0.1807458104	0.1807458104
1322	0.1807326324	0.1807326324
1323	0.1807087219	0.1807087219
1324	0.1806542309	0.1806542309
1325	0.1806457076	0.1806457076
1326	0.1806332378	0.1806332378
1327	0.1806238013	0.1806238013
1328	0.1806113659	0.1806113659
1329	0.1805907299	0.1805907299
1330	0.1805693607	0.1805693607
1331	0.1805496291	0.1805496291
1332	0.1805268955	0.1805268955
1333	0.1805143272	0.1805143272
1334	0.1805012531	0.1805012531
1335	0.1804948993	0.1804948993
1336	0.1804809287	0.1804809287
1337	0.1804435086	0.1804435086
1338	0.1804313853	0.1804313853
1339	0.1804089612	0.1804089612
1340	0.1803966801	0.1803966801
1341	0.1803861394	0.1803861394
1342	0.1803760653	0.1803760653
1343	0.1803629247	0.1803629247
1344	0.1803141216	0.1803141216
1345	0.1802738503	0.1802738503
1346	0.1802597269	0.1802597269
1347	0.180228332	0.180228332
1348	0.1802079141	0.1802079141
1349	0.1801884894	0.1801884894
1350	0.1801757031	0.1801757031
1351	0.180170359	0.180170359
1352	0.1801622254	0.1801622254
1353	0.1801401274	0.1801401274
1354	0.1801177025	0.1801177025
1355	0.1800970724	0.1800970724
1356	0.1800723976	0.1800723976
1357	0.1800542411	0.1800542411
1358	0.1800402784	0.1800402784
1359	0.180015715	0.180015715
1360	0.1799947079	0.1799947079
1361	0.1799798476	0.1799798476
1362	0.1799726992	0.1799726992
1363	0.1799572855	0.1799572855
1364	0.1799362172	0.1799362172
1365	0.1799278468	0.1799278468
1366	0.1799165135	0.1799165135
1367	0.1799058865	0.1799058865
1368	0.1798938814	0.1798938814
1369	0.1798768196	0.1798768196
1370	0.1798597251	0.1798597251
1371	0.1798456331	0.1798456331
1372	0.1798357704	0.1798357704
1373	0.1798204639	0.1798204639
1374	0.1798136113	0.1798136113
1375	0.1798001071	0.1798001071
1376	0.1797772155	0.1797772155
1377	0.1797658463	0.1797658463
1378	0.179751746	0.179751746
1379	0.1797394274	0.1797394274
1380	0.1797209981	0.1797209981
1381	0.1797076045	0.1797076045
1382	0.179702437	0.179702437
1383	0.1796957491	0.1796957491
1384	0.1796792186	0.1796792186
1385	0.179644702	0.179644702
1386	0.1796342573	0.1796342573
1387	0.1796241552	0.1796241552
1388	0.1796159595	0.1796159595
1389	0.1796075982	0.1796075982
1390	0.1795940634	0.1795940634
1391	0.179580897	0.179580897
1392	0.1795738651	0.1795738651
1393	0.1795622311	0.1795622311
1394	0.1795534406	0.1795534406
1395	0.1795432748	0.1795432748
1396	0.1795319286	0.1795319286
1397	0.1795204112	0.1795204112
1398	0.1795042579	0.1795042579
1399	0.1794981215	0.1794981215
1400	0.1794785725	0.1794785725
1401	0.179469205	0.179469205
1402	0.1794460486	0.1794460486
1403	0.1794289395	0.1794289395
1404	0.1794206514	0.1794206514
1405	0.1794070598	0.1794070598
1406	0.1793915662	0.1793915662
1407	0.1793808836	0.1793808836
1408	0.1793730592	0.1793730592
1409	0.1793638337	0.1793638337
1410	0.179351397	0.179351397
1411	0.1793449305	0.1793449305
1412	0.1793370614	0.1793370614
1413	0.1792996796	0.1792996796
1414	0.1792885759	0.1792885759
1415	0.1792791503	0.1792791503
1416	0.1792547347	0.1792547347
1417	0.1792459476	0.1792459476
1418	0.1792287053	0.1792287053
1419	0.1791947254	0.1791947254
1420	0.1791797098	0.1791797098
1421	0.1791708436	0.1791708436
1422	0.1791628464	0.1791628464
1423	0.1791389732	0.1791389732
1424	0.1791285898	0.1791285898
1425	0.1791126178	0.1791126178
1426	0.1790944764	0.1790944764
1427	0.1790651173	0.1790651173
1428	0.1790548477	0.1790548477
1429	0.179037486	0.179037486
1430	0.1790194035	0.1790194035
1431	0.1790021575	0.1790021575
1432	0.1789916982	0.1789916982
1433	0.1789849587	0.1789849587
1434	0.1789715473	0.1789715473
1435	0.1789564444	0.1789564444
1436	0.1789379794	0.1789379794
1437	0.1789296409	0.1789296409
1438	0.1789156131	0.1789156131
1439	0.1788972819	0.1788972819
1440	0.1788756013	0.1788756013
1441	0.1788591215	0.1788591215
1442	0.1788498561	0.1788498561
1443	0.1788407832	0.1788407832
1444	0.1788213781	0.1788213781
1445	0.1788083529	0.1788083529
1446	0.1787974549	0.1787974549
1447	0.1787837756	0.1787837756
1448	0.1787757237	0.1787757237
1449	0.178758062	0.178758062
1450	0.1787469791	0.1787469791
1451	0.1787307516	0.1787307516
1452	0.1787129348	0.1787129348
1453	0.1786771563	0.1786771563
1454	0.1786581862	0.1786581862
1455	0.1786495805	0.1786495805
1456	0.1786407915	0.1786407915
1457	0.1786072503	0.1786072503
1458	0.1785982248	0.1785982248
1459	0.1785880964	0.1785880964
1460	0.1785683475	0.1785683475
1461	0.1785424074	0.1785424074
1462	0.1785215546	0.1785215546
1463	0.1784984208	0.1784984208
1464	0.1784906603	0.1784906603
1465	0.1784713138	0.1784713138
1466	0.1784662343	0.1784662343
1467	0.1784620324	0.1784620324
1468	0.1784479205	0.1784479205
1469	0.1784400602	0.1784400602
1470	0.1784163684	0.1784163684
1471	0.1783909465	0.1783909465
1472	0.1783848767	0.1783848767
1473	0.1783677384	0.1783677384
1474	0.1783458268	0.1783458268
1475	0.1783288581	0.1783288581
1476	0.1782928628	0.1782928628
1477	0.1782787118	0.1782787118
1478	0.1782649571	0.1782649571
1479	0.1782489068	0.1782489068
1480	0.178239498	0.178239498
1481	0.178232367	0.178232367
1482	0.1782237237	0.1782237237
1483	0.1782031735	0.1782031735
1484	0.1781970591	0.1781970591
1485	0.1781804831	0.1781804831
1486	0.1781711593	0.1781711593
1487	0.1781478042	0.1781478042
1488	0.1781285687	0.1781285687
1489	0.1781257525	0.1781257525
1490	0.1781080057	0.1781080057
1491	0.1780930636	0.1780930636
1492	0.1780809461	0.1780809461
1493	0.1780750541	0.1780750541
1494	0.1780543868	0.1780543868
1495	0.1780459153	0.1780459153
1496	0.1780315033	0.1780315033
1497	0.1780084078	0.1780084078
1498	0.1780028779	0.1780028779
1499	0.177984462	0.177984462
